Product Name,Product rating,Product price,offer
"Worldwood Bunk Bed for Kids, Metal Frame with Ladder (B...",3.3,"₹16,999",57% off
HoneyTouch Folding Bed with Firm Mattress Top 2.5ft x 6...,4.2,"₹6,498",24% off
Flipkart Perfect Homes Opus Engineered Wood Queen Box B...,3.9,"₹11,599",58% off
Flipkart Perfect Homes Rhapsody Engineered Wood Queen B...,4,"₹14,399",58% off
Flipkart Perfect Homes Opus Engineered Wood Queen Box B...,4,"₹11,599",58% off
Flipkart Perfect Homes Carol Engineered Wood King Bed,4,"₹10,499",62% off
Flipkart Perfect Homes Opus Engineered Wood Queen Box B...,4,"₹11,399",59% off
Nilkamal Arthur Engineered Wood Double Bed,4,"₹11,399",38% off
Flipkart Perfect Homes Carol Engineered Wood Queen Bed,4,"₹9,699",51% off
Flipkart Perfect Homes Shannon Metal Queen Bed,4.1,"₹10,799",48% off
@Home by nilkamal Marbito Engineered Wood Queen Box Bed,3.9,"₹18,400",62% off
@Home by nilkamal KESTER Solid Wood Bunk Bed,4.1,"₹21,900",51% off
Flipkart Perfect Homes Waltz Engineered Wood King Box B...,3.9,"₹15,599",55% off
Flipkart Perfect Homes Carol Engineered Wood Queen Bed,4,"₹9,499",52% off
Flipkart Perfect Homes Carol Engineered Wood Queen Bed,4,"₹9,499",52% off
NEUDOT Valancia King Engineered Wood King Box Bed,3.8,"₹11,786",61% off
HoneyTouch Folding with Mattress 6.25ft x 4ft Metal Dou...,4.2,"₹11,998",27% off
WOODSTAGE Solid Wood Double Cot/Bed Without Storage For...,3.6,"₹14,519",54% off
Flipkart Perfect Homes Sonore Engineered Wood Single Bo...,4,"₹7,099",54% off
Flipkart Perfect Homes Opus Engineered Wood King Box Be...,4,"₹14,099",57% off
Kendalwood Furniture Modern Home Furniture | Bed for Li...,3.8,"₹29,699",50% off
Nilkamal WILLY Engineered Wood Queen Box Bed,3.9,"₹16,409",43% off
Flipkart Perfect Homes Waltz Engineered Wood Queen Box ...,3.9,"₹14,399",56% off
Cauvery enterprises Metal Single Bed,4.1,"₹3,972",55% off
Flipkart Perfect Homes Carol Engineered Wood King Bed,4,"₹10,499",62% off
Lampoc Foldable Bed Portable Single Folding Bed Niwar C...,3.8,"₹2,550",74% off
@Home by nilkamal Addison Engineered Wood Single Box Be...,3.3,"₹10,399",47% off
Kendalwood Furniture Modern Home Furniture | Bed for Li...,3.8,"₹28,445",52% off
Bharat Lifestyle Amsterdam Engineered Wood Queen Bed,3.7,"₹9,499",52% off
letap Single folding bed Metal Single Bed,4.3,"₹4,399",56% off
@Home by nilkamal Marbito Engineered Wood King Box Bed,3.9,"₹21,999",49% off
HoneyTouch Folding Bed for Sleeping with Mattress Top M...,4.3,"₹6,498",16% off
Flipkart Perfect Homes Shannon Metal King Bed,4.1,"₹12,299",50% off
Bharat Lifestyle Amsterdam Engineered Wood Queen Bed,3.7,"₹9,499",62% off
Flipkart Perfect Homes Logan Solid Wood King Bed,3.6,"₹12,999",56% off
Flipkart Perfect Homes Rhapsody Engineered Wood King Bo...,4,"₹16,499",54% off
Nilkamal Arthur Engineered Wood King Bed,4,"₹14,199",36% off
HoneyTouch Metal Single Bed,3.9,"₹5,398",25% off
THE PORTO Fabric King Size Bed With Button Tufted & Dia...,3.4,"₹17,279",68% off
Flipkart Perfect Homes Waltz Engineered Wood King Box B...,3.9,"₹15,599",55% off
"Worldwood Bunk Bed for Kids, Metal Frame with Ladder (B...",3.3,"₹16,999",57% off
HoneyTouch Folding Bed with Firm Mattress Top 2.5ft x 6...,4.2,"₹6,498",24% off
Flipkart Perfect Homes Capella Engineered Wood Queen Dr...,3.6,"₹17,799",60% off
Flipkart Perfect Homes Rhapsody Engineered Wood Queen B...,4,"₹14,399",58% off
Spacecrafts Metal Bunk Bed,Rating Not Given / Found,"₹11,874",52% off
SIVOM Cyprus Multipurpose Diwan/Single Bed with Storage...,3.9,"₹9,348",45% off
Nilkamal Arthur Engineered Wood Double Bed,4,"₹11,399",38% off
@Home by nilkamal Marbito Engineered Wood Queen Box Bed,3.9,"₹18,400",62% off
FURNIMAX Solid Wood Single Bed,4.2,"₹4,989",50% off
Sahni portable Iron/metal/Steel folding Bed 6by2.5ft Me...,1,"₹5,889",34% off
@Home by nilkamal KESTER Solid Wood Bunk Bed,4.1,"₹21,900",51% off
HoneyTouch Folding with Mattress 6.25ft x 4ft Metal Dou...,4.2,"₹11,998",27% off
The MM Furniture Store Melodia Engineered Wood Queen Be...,Rating Not Given / Found,"₹12,799",28% off
MEEZO portable Single Folding Bed Space Saving Design 3...,4,"₹2,399",52% off
newway Folding Bed For Sleeping Double Size 6 Leg Suppo...,4.3,"₹2,299",17% off
zybil Folding Bed Foldable Cot Single Home Camp Portabl...,4.3,"₹2,398",52% off
WOODSTAGE Solid Wood Double Cot/Bed Without Storage For...,3.6,"₹14,519",54% off
Kendalwood Furniture Modern Home Furniture | Bed for Li...,3.8,"₹29,699",50% off
Flipkart Perfect Homes Carol Engineered Wood Queen Bed,4,"₹9,499",52% off
Bharat Lifestyle Amsterdam Engineered Wood Queen Bed,3.7,"₹9,998",60% off
Nilkamal WILLY Engineered Wood Queen Box Bed,3.9,"₹16,409",43% off
@Home by nilkamal Addison Engineered Wood Single Box Be...,3.3,"₹10,399",47% off
SPACEWOOD Engineered Wood Single Box Bed,4,"₹10,999",25% off
Flipkart Perfect Homes Shannon Metal King Bed,4.1,"₹12,299",50% off
letap Single folding bed Metal Single Bed,4.3,"₹4,399",56% off
Southwhales Foldable Bed Portable Single Folding Bed Ni...,4,"₹2,442",30% off
Kendalwood Furniture Modern Home Furniture | Bed for Li...,3.8,"₹28,445",52% off
@Home by nilkamal Marbito Engineered Wood King Box Bed,3.9,"₹21,999",49% off
Flipkart Perfect Homes Opus Engineered Wood Queen Box B...,4,"₹11,399",59% off
"Zuari Georgia Engineered Wood Queen Drawer, Box Bed",3.6,"₹21,602",30% off
HoneyTouch Folding Bed for Sleeping with Mattress Top M...,4.3,"₹6,498",16% off
HoneyTouch Metal Single Bed,3.9,"₹5,398",25% off
Nilkamal Arthur Engineered Wood King Bed,4,"₹14,199",36% off
Sahni portable European style (Modern) folding Metal Si...,4.3,"₹7,494",28% off
NEUDOT BEGAN KING Engineered Wood King Bed,4,"₹10,969",54% off
HoneyTouch Folding Bed 6.25ft x 4ft Metal Double Bed,4.2,"₹8,998",45% off
SHEESHAMIYA Solid Sheesham Wood Bed BedRoom \Living Roo...,Rating Not Given / Found,"₹13,899",69% off
SHEESHAMIYA Soli Sheesham Wood Bed Bedroom\Living Room ...,Rating Not Given / Found,"₹13,899",59% off
Ziaula Single Size Metal Bed for Adults Heavy Duty Meta...,4.3,"₹4,400",51% off
AASHI Metal Single NA Bed,Rating Not Given / Found,"₹3,609",29% off
"Worldwood Bunk Bed for Kids, Metal Frame with Ladder (B...",3.3,"₹16,999",57% off
HoneyTouch Folding Bed with Firm Mattress Top 2.5ft x 6...,4.2,"₹6,498",24% off
zybil Portable Single Folding Bed Heavy Duty (Black & B...,4.2,"₹2,449",51% off
A GLOBIA CREATIONS Amber Engineered Wood Queen Bed,4.4,"₹12,999",39% off
Trevi Bolton 2.0 COT Without Storage Engineered Wood Si...,3.9,"₹9,190",54% off
THE PORTO Fabric King Size Bed With Button Tufted & Dia...,3.4,"₹17,279",68% off
@Home by nilkamal KESTER Solid Wood Bunk Bed,4.1,"₹21,900",51% off
Nilkamal Arthur Engineered Wood Double Bed,4,"₹11,399",38% off
The MM Furniture Store Zulu Engineered Wood King Drawer...,Rating Not Given / Found,"₹14,499",19% off
STEELOART Folding Cot Foldable Bed Single Home Cum Port...,3.4,"₹1,983",33% off
@Home by nilkamal Marbito Engineered Wood Queen Box Bed,3.9,"₹18,400",62% off
HoneyTouch Folding with Mattress 6.25ft x 4ft Metal Dou...,4.2,"₹11,998",27% off
Southwhales Foldable Bed Portable Single Folding Bed Ni...,4,"₹2,466",29% off
Ziaula Ziaula Single Size Metal Bed for Adults Heavy Du...,4.1,"₹4,950",47% off
Flipkart Perfect Homes Bed with Storage | Wooden Double...,3.8,"₹30,089",51% off
shiv ent Single Folding Bed Portable Khat for Comfortab...,3.7,"₹2,399",52% off
WOODSTAGE Solid Wood Double Cot/Bed Without Storage For...,3.6,"₹14,519",54% off
Kendalwood Furniture Modern Home Furniture | Bed for Li...,3.8,"₹29,699",50% off
Sahni portable Iron/metal/Steel folding Bed 6by3ft Meta...,4.3,"₹7,865",28% off
letap Folding queen bed Metal Queen Bed,4.1,"₹5,141",65% off
Nilkamal WILLY Engineered Wood Queen Box Bed,3.9,"₹16,409",43% off
@Home by nilkamal Addison Engineered Wood Single Box Be...,3.3,"₹10,399",47% off
Cauvery enterprises special Metal Single Bed,4.3,"₹2,497",66% off
A GLOBIA CREATIONS Kane Engineered Wood Double Bed,4,"₹10,999",44% off
SOUTH WHALES - Trust Never Sinks Foldable Bed Portable ...,3.7,"₹2,549",49% off
DecorNation Pippa Children Engineered Wood Single Bed,4.3,"₹9,499",44% off
Kendalwood Furniture Modern Home Furniture | Bed for Li...,3.8,"₹28,445",52% off
@Home by nilkamal Marbito Engineered Wood King Box Bed,3.9,"₹21,999",49% off
Nilkamal SLEEP Striker Metal Single Bed,3.8,"₹7,499",53% off
ELTOP King Size Bed with Box Storage for Bedroom Engine...,2.8,"₹33,418",60% off
Nilkamal Arthur Engineered Wood King Bed,4,"₹14,199",36% off
HoneyTouch Folding Bed for Sleeping with Mattress Top M...,4.3,"₹6,498",16% off
Loom & Needles Rollaway Bed with Mattress Metal Single ...,4.2,"₹14,687",30% off
"Napqueen Zeta Heavy Duty New Metal Bed Frame, Easy Asse...",4.7,"₹5,149",58% off
Delite Kom Woody Engineered Wood Queen Bed,3.8,"₹10,933",54% off
COMFORT Creation Comfort Single Folding With Super Delu...,4.1,"₹2,895",27% off
@Home by nilkamal Cyril Engineered Wood King Bed,3.8,"₹15,900",60% off
HoneyTouch Metal Single Bed,3.9,"₹5,398",25% off
Shree Jeen Mata Enterprises SJME Solid Sheesham Wood Qu...,3.9,"₹24,894",44% off
Flipkart Perfect Homes Studio London Metal Queen Bed,4,"₹6,979",36% off
"Worldwood Bunk Bed for Kids, Metal Frame with Ladder (B...",3.3,"₹16,999",57% off
HoneyTouch Folding Bed with Firm Mattress Top 2.5ft x 6...,4.2,"₹6,498",24% off
CARLTON LONDON Medley Engineered Wood Queen Hydraulic B...,3.9,"₹17,799",27% off
YahiTohChahiye EIPL-KHAAT-JUTE-PP-723621 Solid Wood Sin...,Rating Not Given / Found,"₹10,340",48% off
Godrej Interio Hannah Engineered Wood King Box Bed,3.7,"₹23,990",22% off
Nilkamal WILLY Engineered Wood Queen Box Bed,3.9,"₹16,409",43% off
Nilkamal Arthur Engineered Wood Double Bed,4,"₹11,399",38% off
@Home by nilkamal Marbito Engineered Wood Queen Box Bed,3.9,"₹18,400",62% off
Flipkart Perfect Homes Engineered Wood Single Bed With ...,Rating Not Given / Found,"₹11,999",50% off
FURNIMAX Solid Wood Single Bed,4.2,"₹4,699",63% off
@Home by nilkamal KESTER Solid Wood Bunk Bed,4.1,"₹21,900",51% off
HoneyTouch Folding with Mattress 6.25ft x 4ft Metal Dou...,4.2,"₹11,998",27% off
Shree Jeen Mata Enterprises Solid Sheesham Wood Single ...,3.9,"₹14,703",62% off
@Home by nilkamal Marbito Engineered Wood King Box Bed,3.9,"₹21,999",49% off
Southwhales Foldable Bed Portable Single Folding Bed Ni...,4,"₹2,475",29% off
COMFORT Creation Shree Ganesh Online Heavy Weight Frame...,4,"₹2,575",17% off
WOODSTAGE Solid Wood Double Cot/Bed Without Storage For...,3.6,"₹14,519",54% off
Kendalwood Furniture Modern Home Furniture | Bed for Li...,3.8,"₹29,699",50% off
Wakefit Taurus Engineered Wood Queen Box Bed,4.5,"₹11,699",11% off
NEUDOT Valancia Queen Engineered Wood Queen Box Bed,3.8,"₹12,169",54% off
@Home by nilkamal Addison Engineered Wood Single Box Be...,3.3,"₹10,399",47% off
Kendalwood Furniture Modern Home Furniture | Bed for Li...,3.8,"₹28,445",52% off
newway Success Furniture iron folding bed with 1/Half i...,Rating Not Given / Found,"₹2,399",52% off
Wishbone Folding Bed Single Size with Single Layer Matt...,3.5,"₹3,294",48% off
Flipkart Perfect Homes Elbert Solid Wood Queen Bed,3.6,"₹11,799",52% off
@Home by nilkamal Torrie Engineered Wood King Box Bed,3.6,"₹21,699",50% off
HoneyTouch Folding Bed for Sleeping with Mattress Top M...,4.3,"₹6,498",16% off
Nilkamal Arthur Engineered Wood King Bed,4,"₹14,199",36% off
FURNIMAX Folding Bed for Sleeping with Mattress Top Sol...,3.9,"₹4,999",50% off
WOODNESS Imogen Solid Wood Single Bed,4.1,"₹15,476",58% off
HoneyTouch Metal Single Bed,3.9,"₹5,398",25% off
Nilkamal Arthur Engineered Wood King Box Bed,4,"₹19,299",36% off
AASHI Metal Single Bed,3.9,"₹3,948",17% off
Flipkart Perfect Homes Waltz Engineered Wood Queen Box ...,3.9,"₹14,399",56% off
FurniGully Bharat Folding Cot Plywood Foldable Bed Sing...,4,"₹2,966",46% off
SOUTH WHALES - Trust Never Sinks Foldable Bed Portable ...,3.7,"₹2,549",49% off
SHEESHAMIYA Solid Sheesham Wood Bed BedRoom \Living Roo...,Rating Not Given / Found,"₹13,899",69% off
SHEESHAMIYA Soli Sheesham Wood Bed Bedroom\Living Room ...,Rating Not Given / Found,"₹13,899",59% off
YahiTohChahiye EIPL KHAAT SILK MLTCLR 104 Solid Wood Si...,Rating Not Given / Found,"₹11,114",41% off
Ziaula Premium 4X6 Feet metal Bed Iron Cot for Adults M...,Rating Not Given / Found,"₹5,864",51% off
"Worldwood Bunk Bed for Kids, Metal Frame with Ladder (B...",3.3,"₹16,999",57% off
HoneyTouch Folding Bed with Firm Mattress Top 2.5ft x 6...,4.2,"₹6,498",24% off
@Home by nilkamal Nimbo Metal King Bed,3.8,"₹11,099",41% off
Flipkart Perfect Homes Amira Solid Wood Queen Drawer Be...,Rating Not Given / Found,"₹38,999",30% off
The MM Furniture Store Blissful Engineered Wood Queen B...,Rating Not Given / Found,"₹12,799",28% off
A GLOBIA CREATIONS Otis Engineered Wood Single Box Bed,4.3,"₹9,999",54% off
Nilkamal Arthur Engineered Wood Double Bed,4,"₹11,399",38% off
@Home by nilkamal Marbito Engineered Wood Queen Box Bed,3.9,"₹18,400",62% off
AMORE Bamboo Double Box Bed,Rating Not Given / Found,"₹24,000",4% off
Flipkart Perfect Homes Studio Single Size Metal Bed for...,4.1,"₹4,600",48% off
@Home by nilkamal KESTER Solid Wood Bunk Bed,4.1,"₹21,900",51% off
HoneyTouch Folding with Mattress 6.25ft x 4ft Metal Dou...,4.2,"₹11,998",27% off
Wakefit Caph Engineered Wood King Hydraulic Bed,Rating Not Given / Found,"₹29,401",12% off
BHAIBHAI Solid Wood King Box Bed,Rating Not Given / Found,"₹95,000",2% off
Wakefit Orion Engineered Wood King Hydraulic Bed,4.4,"₹23,499",28% off
PS PARVESH SMART Solid Wood Single NA Bed,Rating Not Given / Found,"₹2,799",44% off
WOODSTAGE Solid Wood Double Cot/Bed Without Storage For...,3.6,"₹14,519",54% off
Kendalwood Furniture Modern Home Furniture | Bed for Li...,3.8,"₹29,699",50% off
Flipkart Perfect Homes Alaska Metal Queen Bed,3.9,"₹10,799",48% off
Flipkart Perfect Homes Alaska Metal King Bed,3.9,"₹12,299",50% off
Nilkamal WILLY Engineered Wood Queen Box Bed,3.9,"₹16,409",43% off
@Home by nilkamal Addison Engineered Wood Single Box Be...,3.3,"₹10,399",47% off
Tempus GRACE Metal Queen Bed,Rating Not Given / Found,"₹10,650",28% off
shiv ent Foldable Bed Portable Single Folding Bed Niwar...,3.7,"₹2,399",52% off
Flipkart Perfect Homes Alaska Metal King Bed,3.9,"₹12,299",50% off
Douceur Furnitures Solid Sheesham Wood Jali King Size B...,Rating Not Given / Found,"₹17,999",64% off
Kendalwood Furniture Modern Home Furniture | Bed for Li...,3.8,"₹28,445",52% off
@Home by nilkamal Marbito Engineered Wood King Box Bed,3.9,"₹21,999",49% off
SPRINGTEK Folding Rollaway with 6 inches Mattress Metal...,4.2,"₹14,499",30% off
Take Interio AVENUE Engineered Wood Double Box Bed,3.5,"₹13,599",62% off
HoneyTouch Folding Bed for Sleeping with Mattress Top M...,4.3,"₹6,498",16% off
Nilkamal Arthur Engineered Wood King Bed,4,"₹14,199",36% off
V A A S Manufacturers Engineered Wood Queen Box Bed,Rating Not Given / Found,"₹16,500",26% off
Lakecity group Belize (6x6) Metal King Bed,Rating Not Given / Found,"₹8,299",66% off
Flipkart Perfect Homes Lenin Solid Wood Queen Bed,3.6,"₹11,799",52% off
Nilkamal Arthur Engineered Wood Queen Bed,4,"₹12,399",40% off
HoneyTouch Metal Single Bed,3.9,"₹5,398",25% off
Nilkamal Arthur Engineered Wood King Box Bed,4,"₹19,299",36% off
The MM Furniture Store Cozy Engineered Wood King Box Be...,Rating Not Given / Found,"₹14,499",44% off
Nikota Enterprises Folding Bed double pipe Metal Single...,3.7,"₹2,189",47% off
"Worldwood Bunk Bed for Kids, Metal Frame with Ladder (B...",3.3,"₹16,999",57% off
HoneyTouch Folding Bed with Firm Mattress Top 2.5ft x 6...,4.2,"₹6,498",24% off
Wakefit Petra Engineered Wood Queen Bed,4.4,"₹12,399",24% off
SoftSoul FURNITURE Metal King Hydraulic Bed,Rating Not Given / Found,"₹25,199",37% off
StayWay Outdoor and Indoor Portable Folding Bed Multifu...,3.7,"₹3,136",30% off
Wakefit Andromeda Sheesham Solid Wood King Bed,4.3,"₹20,098",8% off
Nilkamal Arthur Engineered Wood Double Bed,4,"₹11,399",38% off
@Home by nilkamal Marbito Engineered Wood Queen Box Bed,3.9,"₹18,400",62% off
Tempus MIA Metal Double Bed,Rating Not Given / Found,"₹13,900",30% off
Wakefit Petra Engineered Wood King Box Bed,4.4,"₹14,698",30% off
@Home by nilkamal KESTER Solid Wood Bunk Bed,4.1,"₹21,900",51% off
HoneyTouch Folding with Mattress 6.25ft x 4ft Metal Dou...,4.2,"₹11,998",27% off
The MM Furniture Store King Bed Engineered Wood King Bo...,Rating Not Given / Found,"₹14,499",27% off
Ganpati Arts Sheesham Wood Armania King Size Bed with B...,3.9,"₹29,449",37% off
SreeGaneshWoodPark Bamboo Double Box Bed,Rating Not Given / Found,"₹38,000",15% off
"Nitraa OREO QUEEN Engineered Wood Queen Box, NA Bed",Rating Not Given / Found,"₹10,999",73% off
WOODSTAGE Solid Wood Double Cot/Bed Without Storage For...,3.6,"₹14,519",54% off
Kendalwood Furniture Modern Home Furniture | Bed for Li...,3.8,"₹29,699",50% off
Barewether Engineered Wood Single Bed,3.8,"₹8,486",19% off
Wakefit Ara Teak Solid Wood King Bed,3.9,"₹20,000",17% off
Nilkamal WILLY Engineered Wood Queen Box Bed,3.9,"₹16,409",43% off
@Home by nilkamal Addison Engineered Wood Single Box Be...,3.3,"₹10,399",47% off
shiv ent Foldable Bed Portable Single Folding Bed Niwar...,3.9,"₹2,398",52% off
Nilkamal RIVA Headboard Engineered Wood Queen Box Bed,3.8,"₹22,399",33% off
Ganeral Khatiya | Khatia | Khaat | Charpai | Charpay | ...,Rating Not Given / Found,"₹8,500",68% off
KRIJEN Metal Single Bed,3.8,"₹8,990",52% off
Kendalwood Furniture Modern Home Furniture | Bed for Li...,3.8,"₹28,445",49% off
@Home by nilkamal Marbito Engineered Wood King Box Bed,3.9,"₹21,999",66% off
SIVOM Orient Modular Box Bed with Storage Engineered Wo...,3.8,"₹19,996",40% off
Spacecrafts Metal Bunk Bed,Rating Not Given / Found,"₹14,999",16% off
HoneyTouch Folding Bed for Sleeping with Mattress Top M...,4.3,"₹6,498",36% off
Nilkamal Arthur Engineered Wood King Bed,4,"₹14,199",45% off
Ganpati Arts Sheesham Mayor King Bed for Bedroom/Hotel/...,4,"₹30,399",49% off
WoodMart Greyish Upholstered Cushion Solid Wood Queen B...,Rating Not Given / Found,"₹22,799",3% off
RAJENTERPRISES Engineered Wood Double Box Bed,Rating Not Given / Found,"₹24,500",24% off
Wakefit Taurus Engineered Wood Queen Hydraulic Bed,4,"₹21,299",25% off
HoneyTouch Metal Single Bed,3.9,"₹5,398",60% off
@Home by nilkamal Cyril Engineered Wood King Bed,3.8,"₹15,900",58% off
WOODNESS Imogen Solid Wood Single Bed,4.1,"₹15,476",52% off
Cauvery enterprises special Metal Single Bed,4,"₹4,246",57% off
"Worldwood Bunk Bed for Kids, Metal Frame with Ladder (B...",3.3,"₹16,999",24% off
HoneyTouch Folding Bed with Firm Mattress Top 2.5ft x 6...,4.2,"₹6,498",54% off
Flipkart Perfect Homes Solid Wood King Bed,3.8,"₹20,807",59% off
Woodware Wooden Cradle | Sheesham Wood Cradle | Cradle ...,4.7,"₹12,149",24% off
Wakefit Taurus Engineered Wood Queen Box Bed,4.8,"₹14,800",70% off
Divine Arts Solid Sheesham Wood King Size For Bedroom/ ...,4.5,"₹29,994",38% off
Nilkamal Arthur Engineered Wood Double Bed,4,"₹11,399",62% off
@Home by nilkamal Marbito Engineered Wood Queen Box Bed,3.9,"₹18,400",36% off
Nilkamal MOZART Headboard Storage | 1 Year Warranty Eng...,3.9,"₹19,299",31% off
Z H Handicrafts Metal Bunk Bed Twin Over Bed with Safet...,Rating Not Given / Found,"₹15,500",51% off
@Home by nilkamal KESTER Solid Wood Bunk Bed,4.1,"₹21,900",27% off
HoneyTouch Folding with Mattress 6.25ft x 4ft Metal Dou...,4.2,"₹11,998",7% off
Wakefit Auriga Solid Wood King Box Bed,4.3,"₹27,999",55% off
Bharat Lifestyle Amsterdam Engineered Wood King Bed,3.7,"₹11,999",24% off
Wakefit Petra Engineered Wood King Bed,4.4,"₹13,299",31% off
khatlawala Metal Single Bed,4,"₹5,499",54% off
WOODSTAGE Solid Wood Double Cot/Bed Without Storage For...,3.6,"₹14,519",50% off
Kendalwood Furniture Modern Home Furniture | Bed for Li...,3.8,"₹29,699",12% off
Wakefit Taurus with 17.5 cm Floor Clearance Engineered ...,4.5,"₹10,998",24% off
Wakefit Orion Engineered Wood Queen Hydraulic Bed,4.4,"₹22,000",43% off
Nilkamal WILLY Engineered Wood Queen Box Bed,3.9,"₹16,409",47% off
@Home by nilkamal Addison Engineered Wood Single Box Be...,3.3,"₹10,399",46% off
Delite Kom Pearl Engineered Wood King Box Bed,3.9,"₹24,599",27% off
Delite Kom Cherry Engineered Wood Single Bed,3.8,"₹9,999",71% off
Divine Arts Sheesham Wood King Size Double Bed with Sto...,4.2,"₹28,982",36% off
Ganpati Arts Sheesham Mayor King Size Bed for Bedroom/H...,3.8,"₹38,949",52% off
Kendalwood Furniture Modern Home Furniture | Bed for Li...,3.8,"₹28,445",49% off
@Home by nilkamal Marbito Engineered Wood King Box Bed,3.9,"₹21,999",46% off
SoftSoul Furniture Metal King Hydraulic Bed,4.3,"₹26,999",46% off
Palmen Vento Folding Rollaway Metal Single Bed,4.4,"₹12,749",16% off
HoneyTouch Folding Bed for Sleeping with Mattress Top M...,4.3,"₹6,498",36% off
Nilkamal Arthur Engineered Wood King Bed,4,"₹14,199",52% off
YahiTohChahiye Eppotum charpai daybed Multicolor silk r...,Rating Not Given / Found,"₹11,888",75% off
STEELOART Metal King Bed,3.6,"₹4,999",24% off
Bharat Lifestyle Rome Exotic teak Engineered Wood Queen...,3.7,"₹12,499",25% off
Wakefit Taurus Engineered Wood Queen Box Bed,4.5,"₹14,799",60% off
HoneyTouch Metal Single Bed,3.9,"₹5,398",51% off
@Home by nilkamal Cyril Engineered Wood King Bed,3.8,"₹15,900",23% off
@Home by nilkamal Torrie Engineered Wood Queen Box Bed,3.6,"₹18,999",57% off
Hurry Guru Engineered Wood Single Bed,Rating Not Given / Found,"₹1,00,000",24% off
"Worldwood Bunk Bed for Kids, Metal Frame with Ladder (B...",3.3,"₹16,999",20% off
HoneyTouch Folding Bed with Firm Mattress Top 2.5ft x 6...,4.2,"₹6,498",62% off
Meera Handicraft Sheesham Wood Solid Wood King Bed,4,"₹31,909",36% off
THE PORTO Floral Print Fabric Queen Size Bed With Headb...,Rating Not Given / Found,"₹14,975",51% off
shree syam A beautiful king size bed For Bed Room /Gues...,Rating Not Given / Found,"₹16,295",51% off
@Home by nilkamal Torrie Engineered Wood Queen Box Bed,3.6,"₹18,999",38% off
@Home by nilkamal KESTER Solid Wood Bunk Bed,4.1,"₹21,900",44% off
Nilkamal Arthur Engineered Wood Double Bed,4,"₹11,399",51% off
The MM Furniture Store Euro Engineered Wood King Box Be...,Rating Not Given / Found,"₹14,499",62% off
"ADORN MART Twin Over Full Bunk Bed Frame With Ladder, M...",Rating Not Given / Found,"₹15,999",27% off
@Home by nilkamal Marbito Engineered Wood Queen Box Bed,3.9,"₹18,400",49% off
HoneyTouch Folding with Mattress 6.25ft x 4ft Metal Dou...,4.2,"₹11,998",38% off
Studio Kook Aztec Right One Drawer Engineered Wood Quee...,4.3,"₹30,726",46% off
WOODSTAGE Sheesham Wood Queen Size Bed with Box Storage...,Rating Not Given / Found,"₹30,999",55% off
SoftSoul Furniture Metal Queen Hydraulic Bed,4.2,"₹22,590",54% off
WOODSTAGE Sheesham Wood King Size Bed/Cot With Box Stor...,3.7,"₹29,699",50% off
WOODSTAGE Solid Wood Double Cot/Bed Without Storage For...,3.6,"₹14,519",15% off
Kendalwood Furniture Modern Home Furniture | Bed for Li...,3.8,"₹29,699",17% off
Rahul Enterprises Solid Wood Double Bed,Rating Not Given / Found,"₹25,400",43% off
COMFORT Creation (2 in 1 color Niwar) folding bed with ...,3.3,"₹2,899",47% off
Nilkamal WILLY Engineered Wood Queen Box Bed,3.9,"₹16,409",52% off
@Home by nilkamal Addison Engineered Wood Single Box Be...,3.3,"₹10,399",43% off
Flipkart Perfect Homes PureWood Sheesham Queen Bed,3.8,"₹17,594",52% off
Jayam Metal Double Bed,Rating Not Given / Found,"₹22,500",52% off
YahiTohChahiye Eppotum charpai daybed Multicolor silk r...,Rating Not Given / Found,"₹11,888",52% off
A GLOBIA CREATIONS Asher Engineered Wood King Bed,3.4,"₹13,999",49% off
Kendalwood Furniture Modern Home Furniture | Bed for Li...,3.8,"₹28,445",27% off
@Home by nilkamal Marbito Engineered Wood King Box Bed,3.9,"₹21,999",45% off
Meera Handicraft Pure Sheesham Solid Wood Bed For Livin...,5,"₹35,929",36% off
HoneyTouch Folding Double bed | 2 Years Warranty | Meta...,Rating Not Given / Found,"₹8,999",16% off
Nilkamal Arthur Engineered Wood King Bed,4,"₹14,199",14% off
HoneyTouch Folding Bed for Sleeping with Mattress Top M...,4.3,"₹6,498",45% off
A-1 Star Furniture Metal King Hydraulic Bed,3.3,"₹26,998",36% off
Taskwood Furniture Solid Wood Queen Box Bed,Rating Not Given / Found,"₹32,999",60% off
COMFORT Creation Heavy Duty Niwar Covered Bed First Vir...,Rating Not Given / Found,"₹2,275",60% off
Taskwood Furniture Fabric Queen Size Bed Without Storag...,Rating Not Given / Found,"₹16,999",36% off
@Home by nilkamal Cyril Engineered Wood King Bed,3.8,"₹15,900",13% off
Nilkamal Arthur Engineered Wood King Box Bed,4,"₹19,299",41% off
Wakefit Orion Upholstered Engineered Wood Queen Box Bed,4.4,"₹14,699",57% off
YahiTohChahiye Eppotum Khaat Peedhi Bunayi 6x3 Ft x 21 ...,Rating Not Given / Found,"₹11,114",24% off
"Worldwood Bunk Bed for Kids, Metal Frame with Ladder (B...",3.3,"₹16,999",37% off
HoneyTouch Folding Bed with Firm Mattress Top 2.5ft x 6...,4.2,"₹6,498",14% off
Ganpati Arts Sheesham Wood Armania King Size Bed with H...,3.9,"₹37,999",33% off
A-1 Star Furniture Metal King Hydraulic Bed,3.3,"₹26,998",29% off
Ganpati Arts Mayor Solid Sheesham Wood Trundle Bed With...,4,"₹21,379",38% off
Divine Arts Sheesham Wood Single Size Trundle Bed for H...,Rating Not Given / Found,"₹22,675",62% off
Nilkamal Arthur Engineered Wood Double Bed,4,"₹11,399",54% off
@Home by nilkamal Marbito Engineered Wood Queen Box Bed,3.9,"₹18,400",21% off
Flipkart Perfect Homes PureWood Sheesham King Box Bed,3.9,"₹27,054",51% off
homdec Hercules Metal Double Bed,3.9,"₹10,999",27% off
@Home by nilkamal KESTER Solid Wood Bunk Bed,4.1,"₹21,900",44% off
HoneyTouch Folding with Mattress 6.25ft x 4ft Metal Dou...,4.2,"₹11,998",41% off
The MM Furniture Store Cresent Engineered Wood King Box...,Rating Not Given / Found,"₹14,499",55% off
YahiTohChahiye Eiplkhaatsilkmltclr001 Solid Wood Single...,Rating Not Given / Found,"₹11,699",4% off
Flipkart Perfect Homes Studio Metal Bed Frame for Adult...,4,"₹3,999",54% off
cvc Engineered Wood Double Drawer Bed,Rating Not Given / Found,"₹22,999",50% off
WOODSTAGE Solid Wood Double Cot/Bed Without Storage For...,3.6,"₹14,519",52% off
Kendalwood Furniture Modern Home Furniture | Bed for Li...,3.8,"₹29,699",47% off
Deuba Solid Wood Single Bed,3.7,"₹7,145",43% off
The MM Furniture Store Rolex Engineered Wood King Drawe...,Rating Not Given / Found,"₹13,701",47% off
Nilkamal WILLY Engineered Wood Queen Box Bed,3.9,"₹16,409",60% off
@Home by nilkamal Addison Engineered Wood Single Box Be...,3.3,"₹10,399",40% off
Taskwood Furniture Fabric King Size Bed With Diamond Li...,Rating Not Given / Found,"₹17,999",10% off
Ganpati Arts Italian Bunk Bed Twin Over Bed with Ladder...,Rating Not Given / Found,"₹38,558",52% off
"ardasinterior Solid Wood King Hydraulic, Box, Drawer Be...",Rating Not Given / Found,"₹1,28,475",52% off
MEEZO Portable Single Folding Bed Space Saving Bed Char...,Rating Not Given / Found,"₹2,389",49% off
Kendalwood Furniture Modern Home Furniture | Bed for Li...,3.8,"₹28,445",24% off
@Home by nilkamal Marbito Engineered Wood King Box Bed,3.9,"₹21,999",55% off
Wakefit Engineered Wood Double Box Bed,4.4,"₹7,399",16% off
"Sheesham Craft Nivora Single Size(72""x48"") Diwan With S...",Rating Not Given / Found,"₹22,499",36% off
HoneyTouch Folding Bed for Sleeping with Mattress Top M...,4.3,"₹6,498",31% off
Nilkamal Arthur Engineered Wood King Bed,4,"₹14,199",35% off
Godrej Interio Chocolate V2 Engineered Wood King Drawer...,Rating Not Given / Found,"₹55,590",19% off
Palmen SteelX Folding Rollaway Metal Single Bed,Rating Not Given / Found,"₹17,619",50% off
The MM Furniture Store Melodia Engineered Wood King Dra...,Rating Not Given / Found,"₹14,499",25% off
Flipkart Perfect Homes Metal Single Bed,Rating Not Given / Found,"₹4,999",60% off
HoneyTouch Metal Single Bed,3.9,"₹5,398",33% off
@Home by nilkamal Cyril Engineered Wood King Bed,3.8,"₹15,900",43% off
Ganpati Arts Sheesham King Foaster Bed/Palang/Cot for B...,3.4,"₹26,599",57% off
Palmen Dura Rollaway Folding Bed with 6” Foldable Foam ...,4,"₹13,599",24% off
"Worldwood Bunk Bed for Kids, Metal Frame with Ladder (B...",3.3,"₹16,999",54% off
HoneyTouch Folding Bed with Firm Mattress Top 2.5ft x 6...,4.2,"₹6,498",76% off
DOKRI Sheesham Wood King Size Bed/Cot For BedRoom/Guest...,3.6,"₹25,666",53% off
"Lampoc Foldable Bed Frame,Portable Single Bed of Iron C...",3.6,"₹2,550",6% off
WoodMart Furniture Solid Wood Queen Bed,Rating Not Given / Found,"₹16,149",38% off
SPM Metal Double Bed,Rating Not Given / Found,"₹23,500",62% off
Nilkamal Arthur Engineered Wood Double Bed,4,"₹11,399",11% off
@Home by nilkamal Marbito Engineered Wood Queen Box Bed,3.9,"₹18,400",35% off
Wakefit Leo Engineered Wood Queen Box Bed,4.4,"₹14,599",51% off
Ganpati Arts Maharaja Solid Sheesham Wood King Size Bed...,3.6,"₹32,299",27% off
@Home by nilkamal KESTER Solid Wood Bunk Bed,4.1,"₹21,900",4% off
HoneyTouch Folding with Mattress 6.25ft x 4ft Metal Dou...,4.2,"₹11,998",34% off
Nikota Enterprises Niwar Folding Bed/Cot for Sleeping R...,3.8,"₹2,299",17% off
homdec Antlia Metal King Bed,3.9,"₹13,099",61% off
Fadil Ply cot Engineered Wood Single Bed,Rating Not Given / Found,"₹3,850",54% off
A GLOBIA CREATIONS Kane Engineered Wood Queen Bed,3.7,"₹12,869",50% off
WOODSTAGE Solid Wood Double Cot/Bed Without Storage For...,3.6,"₹14,519",38% off
Kendalwood Furniture Modern Home Furniture | Bed for Li...,3.8,"₹29,699",61% off
The MM Furniture Store Euro Engineered Wood King Drawer...,Rating Not Given / Found,"₹16,000",43% off
"ROYAL FINISH Floresque King Size(72""x78"") Without Stora...",Rating Not Given / Found,"₹34,849",47% off
Nilkamal WILLY Engineered Wood Queen Box Bed,3.9,"₹16,409",28% off
@Home by nilkamal Addison Engineered Wood Single Box Be...,3.3,"₹10,399",23% off
Tempus NEYO Metal Queen Bed,Rating Not Given / Found,"₹10,260",53% off
Wakefit Taurus Engineered Wood Single Bed,4.5,"₹7,099",37% off
MEEZO Portable Single Folding Bed Frame/Khat Cot for Sl...,Rating Not Given / Found,"₹2,349",52% off
Teakwood Factory Poster bed King Size cot 78x72 Solid W...,Rating Not Given / Found,"₹62,999",49% off
Kendalwood Furniture Modern Home Furniture | Bed for Li...,3.8,"₹28,445",58% off
@Home by nilkamal Marbito Engineered Wood King Box Bed,3.9,"₹21,999",11% off
Taskwood Furniture Fabric Queen Size Bed With Diamond L...,Rating Not Given / Found,"₹16,999",16% off
Wakefit Leo Engineered Wood King Box Bed,4.4,"₹16,499",36% off
HoneyTouch Folding Bed for Sleeping with Mattress Top M...,4.3,"₹6,498",20% off
Nilkamal Arthur Engineered Wood King Bed,4,"₹14,199",52% off
Tempus MIA Metal Double Bed,Rating Not Given / Found,"₹13,900",17% off
Nilkamal Galaxy Meta without Storage | Lighted Headboar...,Rating Not Given / Found,"₹31,410",34% off
FurnitureKraft Valencia Metal Bunk Bed,4.3,"₹13,999",25% off
YahiTohChahiye Eppotum Khaat Charpayi Peedhi Bunayi 6.2...,Rating Not Given / Found,"₹12,400",60% off
HoneyTouch Metal Single Bed,3.9,"₹5,398",13% off
@Home by nilkamal Cyril Engineered Wood King Bed,3.8,"₹15,900",33% off
Wakefit Orion Upholstered Engineered Wood King Box Bed,4.4,"₹16,298",57% off
SoftSoul Furniture Metal Queen Hydraulic Bed,4.3,"₹23,579",24% off
"Worldwood Bunk Bed for Kids, Metal Frame with Ladder (B...",3.3,"₹16,999",22% off
HoneyTouch Folding Bed with Firm Mattress Top 2.5ft x 6...,4.2,"₹6,498",58% off
The MM Furniture Store Enigma Engineered Wood Queen Dra...,Rating Not Given / Found,"₹13,999",20% off
Flipkart Perfect Homes Solid Wood King Bed,3.7,"₹22,999",23% off
Wakefit Taurus Engineered Wood Single Box Bed,5,"₹8,798",38% off
"Godrej Interio N'Chant Morf Queen Size, Pull-Out Storag...",Rating Not Given / Found,"₹54,480",62% off
Nilkamal Arthur Engineered Wood Double Bed,4,"₹11,399",32% off
@Home by nilkamal Marbito Engineered Wood Queen Box Bed,3.9,"₹18,400",44% off
"ModuTure Single/Queen/King, Hydraulic Bed with Storage,...",Rating Not Given / Found,"₹28,999",51% off
The MM Furniture Store Cresent Engineered Wood King Box...,Rating Not Given / Found,"₹14,499",27% off
@Home by nilkamal KESTER Solid Wood Bunk Bed,4.1,"₹21,900",44% off
HoneyTouch Folding with Mattress 6.25ft x 4ft Metal Dou...,4.2,"₹11,998",34% off
Ganpati Arts Solid Wood King Bed,Rating Not Given / Found,"₹27,999",48% off
homdec Antlia Metal King Bed,Rating Not Given / Found,"₹13,199",63% off
Divine Arts Solid Sheesham Wood Queen Size For Bedroom/...,Rating Not Given / Found,"₹28,999",54% off
"ROYAL FINISH NeoFloresque King Size(72""x78"") Without St...",Rating Not Given / Found,"₹25,499",50% off
WOODSTAGE Solid Wood Double Cot/Bed Without Storage For...,3.6,"₹14,519",24% off
Kendalwood Furniture Modern Home Furniture | Bed for Li...,3.8,"₹29,699",21% off
Bedscafe NA Metal Bunk Bed,Rating Not Given / Found,"₹20,440",43% off
Delite Kom Cherry Engineered Wood Queen Box Bed,3.8,"₹22,270",47% off
Nilkamal WILLY Engineered Wood Queen Box Bed,3.9,"₹16,409",24% off
@Home by nilkamal Addison Engineered Wood Single Box Be...,3.3,"₹10,399",18% off
Wakefit Antho Solid Wood Queen Box Bed,4.4,"₹25,198",49% off
woodberry Engineered Wood Bed + Side Table,Rating Not Given / Found,"₹24,990",57% off
BRIGHTWOOD Solid Wood Sheesham Wood King Size Double Be...,Rating Not Given / Found,"₹49,999",52% off
Nilkamal Max Storage Engineered Wood Queen Box Bed,2.4,"₹26,910",49% off
Kendalwood Furniture Modern Home Furniture | Bed for Li...,3.8,"₹28,445",55% off
@Home by nilkamal Marbito Engineered Wood King Box Bed,3.9,"₹21,999",55% off
PAYAKITA Solid Wood Bed Without Storage for Bedroom Liv...,Rating Not Given / Found,"₹16,019",16% off
WOODSTAGE Sheesham Wood King Size Bed/Cot With Box Stor...,3.7,"₹29,699",36% off
HoneyTouch Folding Bed for Sleeping with Mattress Top M...,4.3,"₹6,498",54% off
Nilkamal Arthur Engineered Wood King Bed,4,"₹14,199",10% off
Galaxywoods Engineered Wood Double Bed,Rating Not Given / Found,"₹19,990",46% off
Godrej Interio Vurv Engineered Wood King Box Bed,3.9,"₹31,790",8% off
FAMOUS MART FURNITURE Metal Queen Hydraulic Bed,5,"₹23,129",25% off
Wakefit Auriga Sheesham Solid Wood King Bed,4.3,"₹20,098",60% off
HoneyTouch Metal Single Bed,3.9,"₹5,398",43% off
@Home by nilkamal Cyril Engineered Wood King Bed,3.8,"₹15,900",48% off
WoodMart Furniture Solid Wood Queen Bed,Rating Not Given / Found,"₹22,499",57% off
Ganpati Arts Queen Size Italian Bunk Bed For Bedroom/Ki...,Rating Not Given / Found,"₹40,999",24% off
"Worldwood Bunk Bed for Kids, Metal Frame with Ladder (B...",3.3,"₹16,999",40% off
HoneyTouch Folding Bed with Firm Mattress Top 2.5ft x 6...,4.2,"₹6,498",43% off
Ganpati Arts Sheesham Wood Queen Size Bed for Bedroom/H...,5,"₹27,549",24% off
SAVITRIDECOR Solid Wood King Box Bed,Rating Not Given / Found,"₹33,999",36% off
Ganpati Arts Italian Solid Sheesham Wood Bed/Wooden Dou...,Rating Not Given / Found,"₹39,899",38% off
Divine Arts Sheesham Mayor King Bed for Bedroom/Hotel/L...,Rating Not Given / Found,"₹30,999",62% off
Nilkamal Arthur Engineered Wood Double Bed,4,"₹11,399",33% off
@Home by nilkamal Marbito Engineered Wood Queen Box Bed,3.9,"₹18,400",34% off
Divine Arts Sheesham Size Double with Storage for Livin...,4.2,"₹26,679",51% off
YahiTohChahiye Eppotum Set 2 Khaat Peedhi Bunayi 6.5x3....,Rating Not Given / Found,"₹25,288",27% off
@Home by nilkamal KESTER Solid Wood Bunk Bed,4.1,"₹21,900",50% off
HoneyTouch Folding with Mattress 6.25ft x 4ft Metal Dou...,4.2,"₹11,998",8% off
A GLOBIA CREATIONS Alvin Engineered Wood King Box Bed,3.6,"₹23,999",29% off
Linaa Metal Single Bed,Rating Not Given / Found,"₹5,500",45% off
Ganpati Arts Solid Sheesham Wood Lyon King Size Bed wit...,3.9,"₹27,499",54% off
"ModuTure Single/Queen/King,Hydraulic Bed with Storage,P...",Rating Not Given / Found,"₹21,705",50% off
WOODSTAGE Solid Wood Double Cot/Bed Without Storage For...,3.6,"₹14,519",57% off
Kendalwood Furniture Modern Home Furniture | Bed for Li...,3.8,"₹29,699",43% off
TAKELWOOD BRAVO Sheesham Wood King Size Bed With Headbo...,Rating Not Given / Found,"₹23,799",43% off
Ganpati Arts Solid Wood Single Drawer Bed,Rating Not Given / Found,"₹31,299",47% off
Nilkamal WILLY Engineered Wood Queen Box Bed,3.9,"₹16,409",54% off
@Home by nilkamal Addison Engineered Wood Single Box Be...,3.3,"₹10,399",25% off
The Alankarr Striped Upholstered Bed Solid Wood Queen B...,1.8,"₹14,249",43% off
"Godrej Interio Trio Morf King Size, No Storage 1-Year W...",Rating Not Given / Found,"₹33,480",54% off
Ganpati Arts Solid Sheesham Wood Swift Bunk Bed Twin Ov...,Rating Not Given / Found,"₹31,299",52% off
Vintej Home Sheesham ( Rosewood ) Solid Wood King Box B...,4.1,"₹30,083",49% off
Kendalwood Furniture Modern Home Furniture | Bed for Li...,3.8,"₹28,445",24% off
@Home by nilkamal Marbito Engineered Wood King Box Bed,3.9,"₹21,999",24% off
Wakefit Orion Engineered Wood King Hydraulic Bed,4.4,"₹23,998",16% off
Wakefit Antho Solid Wood King Box Bed,4.4,"₹27,797",36% off
HoneyTouch Folding Bed for Sleeping with Mattress Top M...,4.3,"₹6,498",36% off
Nilkamal Arthur Engineered Wood King Bed,4,"₹14,199",24% off
"Zkazaa Double Bed Furniture with Hydraulic Storage,Powd...",Rating Not Given / Found,"₹25,499",20% off
Wakefit Petra Engineered Wood King Hydraulic Bed,4.4,"₹21,600",24% off
Wakefit Cosmo Platform Low Height Engineered Wood King ...,4.5,"₹10,599",25% off
Wakefit Astra Engineered Wood King Bed,4.3,"₹11,999",36% off
HoneyTouch Metal Single Bed,3.9,"₹5,398",48% off
Nilkamal Arthur Engineered Wood King Box Bed,4,"₹19,299",56% off
ELTOP King Size Bed with Box Storage for Bedroom Engine...,Rating Not Given / Found,"₹38,999",57% off
Flipkart Perfect Homes PureWood Sheesham Queen Bed,4.1,"₹16,790",24% off
"Worldwood Bunk Bed for Kids, Metal Frame with Ladder (B...",3.3,"₹16,999",33% off
HoneyTouch Folding Bed with Firm Mattress Top 2.5ft x 6...,4.2,"₹6,498",11% off
NICE MAPLE NICE MAPLE Superb Luxury Upholstered Bed In ...,Rating Not Given / Found,"₹62,999",37% off
Usfpc Solid Wood King Box Bed,Rating Not Given / Found,"₹40,000",51% off
BLACKSMITH STREET Pyramic Metal King Bed,Rating Not Given / Found,"₹12,499",38% off
Ganpati Arts Solid Sheesham Wood Bunk Bed Without Stora...,Rating Not Given / Found,"₹24,449",62% off
Nilkamal Arthur Engineered Wood Double Bed,4,"₹11,399",12% off
@Home by nilkamal Marbito Engineered Wood Queen Box Bed,3.9,"₹18,400",27% off
Lazzaro 001 Solid Wood Loft Bed,Rating Not Given / Found,"₹34,999",51% off
"Godrej Interio Lind Morf King Size, Box Storage Brown-B...",Rating Not Given / Found,"₹47,480",27% off
@Home by nilkamal KESTER Solid Wood Bunk Bed,4.1,"₹21,900",68% off
HoneyTouch Folding with Mattress 6.25ft x 4ft Metal Dou...,4.2,"₹11,998",55% off
DecorNation Lucius Upholstered Metal Queen Bed,Rating Not Given / Found,"₹14,349",43% off
Lakecity group Belarus (6x4) Metal Double Bed,2.8,"₹7,999",43% off
SAVITRIDECOR Solid Wood Queen Box Bed,Rating Not Given / Found,"₹33,999",54% off
Meera Handicraft bed solid sheesham wood in queen size ...,4.2,"₹22,938",50% off
WOODSTAGE Solid Wood Double Cot/Bed Without Storage For...,3.6,"₹14,519",42% off
Kendalwood Furniture Modern Home Furniture | Bed for Li...,3.8,"₹29,699",41% off
"ModuTure Metal Bed With Storage,Powder Coating,Size 4x6...",Rating Not Given / Found,"₹24,799",43% off
WOODSTAGE Sheesham Wood King Size Bunk Bed For Bedroom ...,Rating Not Given / Found,"₹38,075",47% off
Nilkamal WILLY Engineered Wood Queen Box Bed,3.9,"₹16,409",40% off
@Home by nilkamal Addison Engineered Wood Single Box Be...,3.3,"₹10,399",29% off
Lakecity group HEATH (6x5) Metal Queen Hydraulic Bed,4.2,"₹18,999",31% off
Z H Handicrafts Twin Over Full Bunk Bed Frame with Ladd...,Rating Not Given / Found,"₹17,500",56% off
SAVITRIDECOR Solid Wood Queen Hydraulic Bed,Rating Not Given / Found,"₹40,999",52% off
NEUDOT PARIS KING Engineered Wood King Box Bed,4,"₹16,949",49% off
Kendalwood Furniture Modern Home Furniture | Bed for Li...,3.8,"₹28,445",58% off
@Home by nilkamal Marbito Engineered Wood King Box Bed,3.9,"₹21,999",37% off
Lakecity group Botswana (6x4) Metal Double Bed,3.4,"₹7,899",16% off
FurniGully Bharat Folding Cot Foldable Bed Single Home ...,3.7,"₹2,299",36% off
HoneyTouch Folding Bed for Sleeping with Mattress Top M...,4.3,"₹6,498",73% off
Nilkamal Arthur Engineered Wood King Bed,4,"₹14,199",23% off
Divine Arts Solid Wood King Box Bed,Rating Not Given / Found,"₹26,999",58% off
YahiTohChahiye Eppotum Khaat Charpayi Peedhi Bunayi 6.5...,Rating Not Given / Found,"₹18,781",33% off
ELTOP Wooden Furniture Queen Size Bed with Box Storage ...,Rating Not Given / Found,"₹34,999",25% off
Ganpati Arts Sheesham Single Trundle Bed/Palang/Cot for...,4.1,"₹22,799",60% off
HoneyTouch Metal Single Bed,3.9,"₹5,398",4% off
@Home by nilkamal Cyril Engineered Wood King Bed,3.8,"₹15,900",15% off
SPACEWOOD Engineered Wood Queen Hydraulic Bed,4,"₹37,999",57% off
Godrej Interio EQ With Slatted Base Metal Single Bed,Rating Not Given / Found,"₹12,690",24% off
"Worldwood Bunk Bed for Kids, Metal Frame with Ladder (B...",3.3,"₹16,999",48% off
HoneyTouch Folding Bed with Firm Mattress Top 2.5ft x 6...,4.2,"₹6,498",52% off
Lakecity group Crotia Grey (6x3) Metal Bunk Bed,3.3,"₹13,999",8% off
Flipkart Perfect Homes PureWood Sheesham Queen Bed,3.8,"₹17,594",28% off
Wakefit Auriga Sheesham Solid Wood Queen Bed,4.3,"₹18,897",38% off
Ganpati Arts Ganpati Arts Maharaja Solid Sheesham Wood ...,3.6,"₹30,899",62% off
Nilkamal Arthur Engineered Wood Double Bed,4,"₹11,399",1% off
@Home by nilkamal Marbito Engineered Wood Queen Box Bed,3.9,"₹18,400",37% off
SPACEWOOD Engineered Wood Queen Hydraulic Bed,4.1,"₹38,999",51% off
Ganpati Arts Scott bed solid wood bed for Room with Pre...,3.7,"₹39,999",27% off
@Home by nilkamal KESTER Solid Wood Bunk Bed,4.1,"₹21,900",51% off
HoneyTouch Folding with Mattress 6.25ft x 4ft Metal Dou...,4.2,"₹11,998",71% off
NEUDOT Valancia Queen Engineered Wood Queen Box Bed,3.8,"₹12,849",33% off
Vibrant Interior Heart (6x3) Metal Single Bed,Rating Not Given / Found,"₹5,999",36% off
RUHAAN INTERIOR DECOR Solid Wood King Box Bed,Rating Not Given / Found,"₹19,999",54% off
Ganpati Arts Sheesham Mayor Queen Bed for Bedroom/Home/...,3.8,"₹36,999",50% off
WOODSTAGE Solid Wood Double Cot/Bed Without Storage For...,3.6,"₹14,519",51% off
Kendalwood Furniture Modern Home Furniture | Bed for Li...,3.8,"₹29,699",57% off
ELTOP Double Bed Furniture With Storage Engineered Wood...,4.4,"₹36,895",43% off
Flipkart Perfect Homes Opus Engineered Wood King Box Be...,3.9,"₹14,099",47% off
Nilkamal WILLY Engineered Wood Queen Box Bed,3.9,"₹16,409",50% off
@Home by nilkamal Addison Engineered Wood Single Box Be...,3.3,"₹10,399",65% off
ELMSPIRE Marcus UpholsterLuxury Velvet Chesterfield Hea...,Rating Not Given / Found,"₹17,749",31% off
CLANECRAFT Solid Sheesham Wood King Size Bed Without Ma...,Rating Not Given / Found,"₹27,599",70% off
PlusOne Borneo Solid Wood King Hydraulic Bed,Rating Not Given / Found,"₹43,990",52% off
Flipkart Perfect Homes Sheesham Wood Palang and Bed for...,3.5,"₹5,949",49% off
Kendalwood Furniture Modern Home Furniture | Bed for Li...,3.8,"₹28,445",56% off
@Home by nilkamal Marbito Engineered Wood King Box Bed,3.9,"₹21,999",24% off
Flipkart Perfect Homes PureWood Sheesham King Bed,4.1,"₹18,724",16% off
DG DEXAGLOBAL Metal Double Bed,Rating Not Given / Found,"₹27,899",36% off
HoneyTouch Folding Bed for Sleeping with Mattress Top M...,4.3,"₹6,498",62% off
Nilkamal Arthur Engineered Wood King Bed,4,"₹14,199",28% off
Flipkart Perfect Homes Carol Engineered Wood King Bed,4,"₹10,499",29% off
Wakefit Taurus Engineered Wood King Hydraulic Bed,4.5,"₹20,600",68% off
Flipkart Perfect Homes Studio Rio Metal Single Bed,4.2,"₹7,420",25% off
DOKRI Sheesham Wood King Size Bed/Cot For BedRoom/Guest...,2.7,"₹27,999",60% off
HoneyTouch Metal Single Bed,3.9,"₹5,398",55% off
@Home by nilkamal Cyril Engineered Wood King Bed,3.8,"₹15,900",49% off
The Alankarr Chesterfield Upholstered Bed Solid Wood Qu...,3,"₹13,822",57% off
SOUTH WHALES - Trust Never Sinks Foldable Bed Portable ...,3.7,"₹2,549",24% off
"Worldwood Bunk Bed for Kids, Metal Frame with Ladder (B...",3.3,"₹16,999",24% off
HoneyTouch Folding Bed with Firm Mattress Top 2.5ft x 6...,4.2,"₹6,498",25% off
Flipkart Perfect Homes Woodwhiz Sheesham ( Rosewood ) S...,Rating Not Given / Found,"₹34,899",25% off
Wakefit Solis Solid Wood King Box Bed,4.3,"₹26,400",25% off
Wakefit Metal King Bed,Rating Not Given / Found,"₹10,498",38% off
homdec Auriga Metal Double Bed,4.7,"₹9,699",62% off
Nilkamal Arthur Engineered Wood Double Bed,4,"₹11,399",45% off
@Home by nilkamal Marbito Engineered Wood Queen Box Bed,3.9,"₹18,400",50% off
Ganpati Arts Diamond Solid Sheesham Wood King-Size Bed ...,Rating Not Given / Found,"₹28,499",51% off
Vibrant Interior SHALIN Metal Bunk Bed,Rating Not Given / Found,"₹12,499",27% off
@Home by nilkamal KESTER Solid Wood Bunk Bed,4.1,"₹21,900",60% off
HoneyTouch Folding with Mattress 6.25ft x 4ft Metal Dou...,4.2,"₹11,998",37% off
Prajapati arts Upholstered King Size Bed Without Mattre...,Rating Not Given / Found,"₹19,999",52% off
NICE MAPLE NICE MAPLE Jumanji Upholstered Bed In Suede ...,Rating Not Given / Found,"₹57,999",18% off
Vibrant Interior Moon Blue (6x2.5) Metal Bunk Bed,Rating Not Given / Found,"₹11,999",54% off
Wudniture Solid Wood Bunk Bed,Rating Not Given / Found,"₹64,999",50% off
WOODSTAGE Solid Wood Double Cot/Bed Without Storage For...,3.6,"₹14,519",49% off
Kendalwood Furniture Modern Home Furniture | Bed for Li...,3.8,"₹29,699",15% off
ELTOP King Size Bed with Box Storage for Bedroom Engine...,3.3,"₹37,895",43% off
homdec Libra Metal Bunk Bed,4.5,"₹18,499",47% off
Nilkamal WILLY Engineered Wood Queen Box Bed,3.9,"₹16,409",27% off
@Home by nilkamal Addison Engineered Wood Single Box Be...,3.3,"₹10,399",35% off
Ganpati Arts Maharaja Solid Sheesham Wood King Size Bed...,3.6,"₹40,879",22% off
Ganpati Arts Sheesham Wood Queen Size Bed for Bedroom/H...,Rating Not Given / Found,"₹27,499",65% off
Teakwood BA0001 Solid Wood Double Box Bed,Rating Not Given / Found,"₹30,900",52% off
Flipkart Perfect Homes Carol Engineered Wood Queen Bed,4,"₹9,699",49% off
Kendalwood Furniture Modern Home Furniture | Bed for Li...,3.8,"₹28,445",20% off
@Home by nilkamal Marbito Engineered Wood King Box Bed,3.9,"₹21,999",60% off
Wakefit Cosmo Platform Low Height Engineered Wood Queen...,4.5,"₹9,499",16% off
Vibrant Interior Romy (6X3) Metal Single Bed,3.9,"₹7,124",36% off
HoneyTouch Folding Bed for Sleeping with Mattress Top M...,4.3,"₹6,498",52% off
Nilkamal Arthur Engineered Wood King Bed,4,"₹14,199",50% off
Vinod Furniture Solid Sheesham Wood King Size Bed With ...,Rating Not Given / Found,"₹28,499",36% off
Flipkart Perfect Homes Metal King Bed,Rating Not Given / Found,"₹10,999",65% off
Ganpati Arts Sheesham Wood King Size Bed for Bedroom/Ho...,Rating Not Given / Found,"₹18,999",25% off
Flipkart Perfect Homes Carol Engineered Wood Queen Bed,4,"₹9,699",60% off
HoneyTouch Metal Single Bed,3.9,"₹5,398",54% off
@Home by nilkamal Cyril Engineered Wood King Bed,3.8,"₹15,900",47% off
SHRI MINTU'S Sheesham Wood King Size Bed with Storage B...,4.5,"₹31,501",57% off
Bhagwant Solid Wood King Bed,Rating Not Given / Found,"₹18,999",24% off
"Worldwood Bunk Bed for Kids, Metal Frame with Ladder (B...",3.3,"₹16,999",51% off
HoneyTouch Folding Bed with Firm Mattress Top 2.5ft x 6...,4.2,"₹6,498",55% off
Ganpati Arts Solid Sheesham Wood Bunk Bed Without Stora...,Rating Not Given / Found,"₹24,449",22% off
Lakecity group PRESSYO Metal Double Bed,Rating Not Given / Found,"₹8,999",17% off
NIDHIWOOD Sheesham Wood Bed/Cot With HYD Storage For Be...,Rating Not Given / Found,"₹42,899",38% off
SPACEWOOD Engineered Wood Single Box Bed,4.1,"₹10,899",62% off
Nilkamal Arthur Engineered Wood Double Bed,4,"₹11,399",28% off
@Home by nilkamal Marbito Engineered Wood Queen Box Bed,3.9,"₹18,400",4% off
APRODZ Metal Bunk Bed,Rating Not Given / Found,"₹22,419",51% off
cvc Engineered Wood Double Drawer Bed,Rating Not Given / Found,"₹22,999",27% off
@Home by nilkamal KESTER Solid Wood Bunk Bed,4.1,"₹21,900",51% off
HoneyTouch Folding with Mattress 6.25ft x 4ft Metal Dou...,4.2,"₹11,998",33% off
Anishwar Nimbo Wrought Iron Metal Queen Bed,3.7,"₹15,119",24% off
Ganpati Arts Sheesham Wood Single Size Trundle Bed for ...,4.1,"₹22,799",65% off
Wakefit Orion Engineered Wood King Hydraulic Bed,4.4,"₹23,998",54% off
Flipkart Perfect Homes Carol Engineered Wood Queen Bed,4,"₹9,699",50% off
WOODSTAGE Solid Wood Double Cot/Bed Without Storage For...,3.6,"₹14,519",42% off
Kendalwood Furniture Modern Home Furniture | Bed for Li...,3.8,"₹29,699",43% off
Hometown Woodrow Solid Wood Queen Box Bed,5,"₹79,899",47% off
WOODSTYLE Engineered Wood Single Bed,Rating Not Given / Found,"₹19,999",55% off
Nilkamal WILLY Engineered Wood Queen Box Bed,3.9,"₹16,409",51% off
@Home by nilkamal Addison Engineered Wood Single Box Be...,3.3,"₹10,399",59% off
"zybil Latest Magic Bed, Folding beds for Sleeping,Porta...",3.7,"₹2,248",32% off
royal wood MULTI FUNCTIONALSMART BED WITH BODY MASSAGER...,Rating Not Given / Found,"₹1,59,020",52% off
Nilkamal Ayush 06 Isolation Four Poster Metal Single Be...,3.1,"₹4,900",49% off
Delite Kom Woody Engineered Wood Single Box Bed,3.8,"₹13,999",51% off
Kendalwood Furniture Modern Home Furniture | Bed for Li...,3.8,"₹28,445",54% off
@Home by nilkamal Marbito Engineered Wood King Box Bed,3.9,"₹21,999",16% off
Flipkart Perfect Homes Flamenco Engineered Wood Queen B...,4,"₹12,199",36% off
Galaxywoods Engineered Wood Double Bed,Rating Not Given / Found,"₹19,990",21% off
HoneyTouch Folding Bed for Sleeping with Mattress Top M...,4.3,"₹6,498",62% off
Nilkamal Arthur Engineered Wood King Bed,4,"₹14,199",45% off
Crosby Chesterfield Solid Wood Queen Hydraulic Bed,Rating Not Given / Found,"₹68,022",27% off
Vibrant Interior Heaven ( 6x3) Metal Single Bed,3.7,"₹7,449",25% off
FurniGully Bharat Folding Cot Plywood Foldable Bed Sing...,3.5,"₹2,999",36% off
COMFORT Creation (2 in 1 color Niwar) folding bed with ...,4.1,"₹2,899",62% off
HoneyTouch Metal Single Bed,3.9,"₹5,398",40% off
Nilkamal Arthur Engineered Wood King Box Bed,4,"₹19,299",57% off
Vibrant Interior Pressyo Black (6x3) Metal Single Bed,3.1,"₹7,499",24% off
Vintage Home Sunburst Ratan Sheesham ( Rosewood ) Solid...,Rating Not Given / Found,"₹33,958",19% off
"Worldwood Bunk Bed for Kids, Metal Frame with Ladder (B...",3.3,"₹16,999",50% off
HoneyTouch Folding Bed with Firm Mattress Top 2.5ft x 6...,4.2,"₹6,498",54% off
Meera Handicraft Sheesham Wood Solid Wood King Solid Wo...,4.2,"₹44,999",32% off
Nilkamal SLEEP Striker Metal King Bed,3.8,"₹12,499",38% off
Douceur Furnitures Sheesham Wood King Size Bed With Hea...,Rating Not Given / Found,"₹31,999",62% off
HoneyTouch Folding Bed with Firm Mattress 3ft x 6ft Met...,4.2,"₹6,798",8% off
Nilkamal Arthur Engineered Wood Double Bed,4,"₹11,399",51% off
@Home by nilkamal Marbito Engineered Wood Queen Box Bed,3.9,"₹18,400",51% off
Barewether Flora Engineered Wood Queen Box Bed,3.8,"₹18,481",27% off
zybil Foldable Bed for Sleeping SturdyFrame Space Savin...,3.5,"₹2,448",66% off
@Home by nilkamal KESTER Solid Wood Bunk Bed,4.1,"₹21,900",28% off
HoneyTouch Folding with Mattress 6.25ft x 4ft Metal Dou...,4.2,"₹11,998",59% off
Vibrant Interior AERON (6x4) Metal Double Bed,Rating Not Given / Found,"₹8,499",51% off
Sahni Portable Furniture metal folding Bed for sleeping...,4.1,"₹7,114",54% off
Bharat Lifestyle Thailand Engineered Wood Queen Box Bed,3.6,"₹14,199",50% off
Ziaula Metal Single Size Cot for Adults (Noise Free Fra...,4.1,"₹4,322",54% off
WOODSTAGE Solid Wood Double Cot/Bed Without Storage For...,3.6,"₹14,519",20% off
Kendalwood Furniture Modern Home Furniture | Bed for Li...,3.8,"₹29,699",43% off
Taskwood Furniture Solid Sheesham Wood King Size Bed Wi...,3.5,"₹31,679",47% off
HoneyTouch Folding 2.5ft x 6ft Metal Single Bed,3.9,"₹5,398",8% off
Nilkamal WILLY Engineered Wood Queen Box Bed,3.9,"₹16,409",68% off
@Home by nilkamal Addison Engineered Wood Single Box Be...,3.3,"₹10,399",70% off
SPACEWOOD Engineered Wood King Hydraulic Bed,3.8,"₹41,999",42% off
THE PORTO Fabric King Size Bed With Button Tufted & Dia...,3.4,"₹17,279",52% off
SIVOM Eden King Bed Engineered Wood King NA Bed,3.6,"₹15,838",49% off
APRODZ Marks Daybed Twin Size Trundle Metal Loft Bed,Rating Not Given / Found,"₹20,708",23% off
Kendalwood Furniture Modern Home Furniture | Bed for Li...,3.8,"₹28,445",50% off
@Home by nilkamal Marbito Engineered Wood King Box Bed,3.9,"₹21,999",16% off
Wakefit Taurus Engineered Wood Single Box Bed,Rating Not Given / Found,"₹8,399",36% off
Angel Furniture Adana Solid Wood Single Bed,4.4,"₹9,990",63% off
HoneyTouch Folding Bed for Sleeping with Mattress Top M...,4.3,"₹6,498",33% off
Nilkamal Arthur Engineered Wood King Bed,4,"₹14,199",26% off
Vinod Furniture Solid Sheesham Wood Queen Size Bed With...,2,"₹14,249",55% off
Delite Kom Sparkle Single bed Engineered Wood Single Be...,3.8,"₹9,799",25% off
HoneyTouch Metal Single Bed,Rating Not Given / Found,"₹6,998",36% off
Shree Jeen Mata Enterprises Solid Sheesham Wood Single ...,3.9,"₹15,999",46% off
HoneyTouch Metal Single Bed,3.9,"₹5,398",66% off
Nilkamal Arthur Engineered Wood King Box Bed,4,"₹19,299",57% off
Nilkamal SLEEP Grande Engineered Wood Queen Bed,3.9,"₹12,899",24% off
SIVOM Orient Modular Box Bed with Storage Engineered Wo...,3.8,"₹18,511",21% off
"Worldwood Bunk Bed for Kids, Metal Frame with Ladder (B...",3.3,"₹16,999",9% off
HoneyTouch Folding Bed with Firm Mattress Top 2.5ft x 6...,4.2,"₹6,498",22% off
Barewether Maple Engineered Wood King Box Bed,3.7,"₹17,554",30% off
Barewether Engineered Wood Queen Hydraulic Bed,3.7,"₹22,418",51% off
HoneyTouch Folding Bed with Soft Mattress 3ft x 6ft Met...,4.2,"₹7,798",38% off
Delite Kom Cocoa Engineered Wood Single Box Bed,3.6,"₹13,999",21% off
@Home by nilkamal KESTER Solid Wood Bunk Bed,4.1,"₹21,900",29% off
Nilkamal Arthur Engineered Wood Double Bed,4,"₹11,399",62% off
HoneyTouch Folding Bed with Mattress 2.5ft x 6ft Metal ...,4.3,"₹6,498",27% off
Sahni portable Iron/metal/Steel folding Bed 6by3ft Meta...,Rating Not Given / Found,"₹6,364",48% off
@Home by nilkamal Marbito Engineered Wood Queen Box Bed,3.9,"₹18,400",22% off
HoneyTouch Folding with Mattress 6.25ft x 4ft Metal Dou...,4.2,"₹11,998",57% off
Bhagwati Arts Solid Wood Queen Box Bed,Rating Not Given / Found,"₹28,999",47% off
HoneyTouch Folding with Soft Mattress Top 3ft x 6ft Met...,4.2,"₹7,798",54% off
MoonWooden Bed Without Storage Wooden Double Bed Solid ...,3.7,"₹16,999",50% off
Shree Jeen Mata Enterprises Solid Sheesham Wood King Si...,3.9,"₹26,123",20% off
WOODSTAGE Solid Wood Double Cot/Bed Without Storage For...,3.6,"₹14,519",58% off
Kendalwood Furniture Modern Home Furniture | Bed for Li...,3.8,"₹29,699",43% off
SPACEWOOD Engineered Wood Queen Box Bed,3.9,"₹27,799",47% off
JeenWood Solid Sheesham Wood Queen Size Bed For Bed Roo...,Rating Not Given / Found,"₹29,999",56% off
Nilkamal WILLY Engineered Wood Queen Box Bed,3.9,"₹16,409",54% off
@Home by nilkamal Addison Engineered Wood Single Box Be...,3.3,"₹10,399",66% off
letap Single folding bed Metal Single Bed,4.3,"₹4,399",47% off
WoodMart Solid Sheesham Wood King Size Box Bed For Bed ...,Rating Not Given / Found,"₹38,949",52% off
SIVOM Orient Modular Box Bed with Storage Engineered Wo...,3.8,"₹18,511",49% off
FAMOUS MART FURNITURE Metal King Hydraulic Bed,5,"₹23,849",56% off
Kendalwood Furniture Modern Home Furniture | Bed for Li...,3.8,"₹28,445",36% off
@Home by nilkamal Marbito Engineered Wood King Box Bed,3.9,"₹21,999",16% off
khatlawala Single folding bed Metal Single Bed,Rating Not Given / Found,"₹4,399",25% off
Hometown Dazzle without Storage Engineered Wood King Be...,3.6,"₹33,500",48% off
Nilkamal Arthur Engineered Wood King Bed,4,"₹14,199",25% off
HoneyTouch Folding Bed for Sleeping with Mattress Top M...,4.3,"₹6,498",24% off
Wakefit Solis Solid Wood King Box Bed,4.3,"₹26,400",60% off
@Home by nilkamal Cipher Solid Wood Queen Bed,3.9,"₹15,499",36% off
"AMBICA WOODMART king bed, sheesham wood king bed, solid...",Rating Not Given / Found,"₹22,999",61% off
Sleepyhead Bed V Solid Wood King Bed,3.8,"₹21,999",35% off
@Home by nilkamal Cyril Engineered Wood King Bed,3.8,"₹15,900",57% off
Nilkamal Arthur Engineered Wood King Box Bed,4,"₹19,299",24% off
WoodMart Solid Wood King Box Bed,Rating Not Given / Found,"₹34,199",42% off
duroflex Wave Adjustable Bed with Headboard & Quboid Po...,Rating Not Given / Found,"₹1,01,453",59% off
"Worldwood Bunk Bed for Kids, Metal Frame with Ladder (B...",3.3,"₹16,999",25% off
HoneyTouch Folding Bed with Firm Mattress Top 2.5ft x 6...,4.2,"₹6,498",24% off
ELTOP King Size Bed with Hydraulic Storage for Bedroom ...,Rating Not Given / Found,"₹34,568",38% off
PAVITYAKSH Folding Metal Bed with Mattress Top Single L...,Rating Not Given / Found,"₹3,245",62% off
Furniyam Folding Bed Single 2.5 x 6 ft Metal Single Bed,Rating Not Given / Found,"₹5,941",23% off
HoneyTouch Folding Metal Single Bed,3.9,"₹5,698",46% off
Nilkamal Arthur Engineered Wood Double Bed,4,"₹11,399",51% off
@Home by nilkamal Marbito Engineered Wood Queen Box Bed,3.9,"₹18,400",27% off
GOYALINTERIOR Sheesham Wood Bed/Box Bed/Cot With Storag...,4.1,"₹35,999",46% off
Stylespa Engineered Wood King Hydraulic Bed,Rating Not Given / Found,"₹22,674",36% off
@Home by nilkamal KESTER Solid Wood Bunk Bed,4.1,"₹21,900",62% off
HoneyTouch Folding with Mattress 6.25ft x 4ft Metal Dou...,4.2,"₹11,998",71% off
Flipkart Perfect Homes Solid Wood King Box Bed,Rating Not Given / Found,"₹30,089",54% off
Zuari Georgia Engineered Wood Queen Box Bed,3.8,"₹18,441",50% off
WoodMart Sheesham Wood Scratch Resistant Solid Wood Kin...,Rating Not Given / Found,"₹19,999",61% off
Woodefly Sheesham Wood Queen Size Bed Without Storage/ ...,5,"₹16,199",52% off
WOODSTAGE Solid Wood Double Cot/Bed Without Storage For...,3.6,"₹14,519",43% off
Kendalwood Furniture Modern Home Furniture | Bed for Li...,3.8,"₹29,699",47% off
"Napqueen Alpha Heavy Duty New 14-Inch Metal Bed Frame, ...",4.3,"₹8,549",46% off
Kendalwood Furniture Modern Home Furniture | Bed for Li...,3.8,"₹28,445",67% off
Nilkamal WILLY Engineered Wood Queen Box Bed,3.9,"₹16,409",58% off
@Home by nilkamal Addison Engineered Wood Single Box Be...,3.3,"₹10,399",46% off
Stylespa Engineered Wood King Hydraulic Bed,Rating Not Given / Found,"₹30,388",49% off
Wopno Furniture Pure Sheesham Wooden Bed Queen Size Sol...,4.7,"₹12,949",16% off
A GLOBIA CREATIONS Castle Engineered Wood King Box Bed,Rating Not Given / Found,"₹23,599",47% off
Stylespa Engineered Wood King Hydraulic Bed,Rating Not Given / Found,"₹26,295",14% off
@Home by nilkamal Marbito Engineered Wood King Box Bed,3.9,"₹21,999",36% off
HoneyTouch Folding Bed for Sleeping with Mattress Top M...,4.3,"₹6,498",25% off
Shree Jeen Mata Enterprises Solid Sheesham Wood King Si...,3.9,"₹26,099",40% off
Meera Handicraft bed solid sheesham wood in queen size ...,4.6,"₹42,999",53% off
Nilkamal Arthur Engineered Wood King Bed,4,"₹14,199",46% off
HoneyTouch Metal Single Bed,3.9,"₹5,398",34% off
GOYALINTERIOR Sheesham Wood Kuber Bed With Storage For ...,5,"₹36,832",60% off
COIRFIT Rollaway Bed Memory Foam Metal Single Bed,Rating Not Given / Found,"₹12,999",69% off
Stylespa Engineered Wood King Hydraulic Bed,Rating Not Given / Found,"₹30,399",54% off
duroflex Wave Adjustable Bed with Headboard & Quboid Po...,Rating Not Given / Found,"₹88,798",57% off
@Home by nilkamal Cyril Engineered Wood King Bed,3.8,"₹15,900",57% off
SHEESHAMIYA Solid Sheesham Wood Bed BedRoom \Living Roo...,Rating Not Given / Found,"₹13,899",24% off
Trevi Kyoto Single cot Without Storage Engineered Wood ...,4,"₹9,190",64% off
Trevi Kyoto Engineered Wood King Bed,4,"₹16,990",44% off
"Worldwood Bunk Bed for Kids, Metal Frame with Ladder (B...",3.3,"₹16,999",55% off
HoneyTouch Folding Bed with Firm Mattress Top 2.5ft x 6...,4.2,"₹6,498",46% off
Flipkart Perfect Homes PureWood Sheesham Solid Wood Kin...,3.5,"₹23,229",38% off
@Home by nilkamal Ursa Metal King Bed,3.9,"₹11,099",62% off
DCanape Peel Engineered Wood Queen Box Bed,Rating Not Given / Found,"₹20,691",57% off
Stylespa Engineered Wood King Hydraulic Bed,Rating Not Given / Found,"₹29,049",54% off
Nilkamal Arthur Engineered Wood Double Bed,4,"₹11,399",51% off
@Home by nilkamal Marbito Engineered Wood Queen Box Bed,3.9,"₹18,400",27% off
Hometown Swirl Engineered Wood Queen Bed,4.1,"₹12,999",33% off
Sarswati Furniture Solid Wood Sheesham Wood Single Bed ...,3.8,"₹8,599",46% off
@Home by nilkamal KESTER Solid Wood Bunk Bed,4.1,"₹21,900",46% off
HoneyTouch Folding with Mattress 6.25ft x 4ft Metal Dou...,4.2,"₹11,998",42% off
duroflex Wave Plus Adjustable Bed and Headboard & Livei...,Rating Not Given / Found,"₹93,974",54% off
Stylespa Engineered Wood King Hydraulic Bed,Rating Not Given / Found,"₹19,707",50% off
Stylespa Engineered Wood King Hydraulic Bed,Rating Not Given / Found,"₹25,323",46% off
DeckUp Noordin Engineered Wood Queen Box Bed,4,"₹15,999",46% off
WOODSTAGE Solid Wood Double Cot/Bed Without Storage For...,3.6,"₹14,519",43% off
Kendalwood Furniture Modern Home Furniture | Bed for Li...,3.8,"₹29,699",47% off
Stylespa Engineered Wood King Hydraulic Bed,Rating Not Given / Found,"₹29,049",21% off
Stylespa Engineered Wood King Hydraulic Bed,Rating Not Given / Found,"₹40,065",34% off
Nilkamal WILLY Engineered Wood Queen Box Bed,3.9,"₹16,409",46% off
@Home by nilkamal Addison Engineered Wood Single Box Be...,3.3,"₹10,399",52% off
duroflex Wave Adjustable Metal Queen Bed,Rating Not Given / Found,"₹52,631",52% off
duroflex Wave Adjustable Bed with Headboard & Livein Or...,Rating Not Given / Found,"₹71,998",49% off
Stylespa Engineered Wood King Hydraulic Bed,Rating Not Given / Found,"₹26,235",16% off
WOODTREND Solid Wood King Bed,Rating Not Given / Found,"₹32,969",46% off
Kendalwood Furniture Modern Home Furniture | Bed for Li...,3.8,"₹28,445",16% off
@Home by nilkamal Marbito Engineered Wood King Box Bed,3.9,"₹21,999",36% off
JayamSqueencot Solid Wood Queen Bed,Rating Not Given / Found,"₹29,400",56% off
Stylespa Engineered Wood King Hydraulic Bed,Rating Not Given / Found,"₹22,191",68% off
HoneyTouch Folding Bed for Sleeping with Mattress Top M...,4.3,"₹6,498",41% off
Nilkamal Arthur Engineered Wood King Bed,4,"₹14,199",12% off
letap Metal Single Bed,Rating Not Given / Found,"₹4,399",25% off
THE PORTO Fabric Queen Size Bed With Button Tufted & Di...,3.4,"₹16,379",36% off
Spacecrafts Metal Single Bed,Rating Not Given / Found,"₹4,999",28% off
HoneyTouch Folding Bed with Mattress Solid Wood Metal S...,4.2,"₹6,398",57% off
HoneyTouch Metal Single Bed,3.9,"₹5,398",57% off
Nilkamal Arthur Engineered Wood King Box Bed,4,"₹19,299",24% off
A-1 Star Furniture Metal Queen Hydraulic Bed,Rating Not Given / Found,"₹22,861",45% off
Nilkamal Engineered Wood King Hydraulic Bed,Rating Not Given / Found,"₹44,010",46% off
"Worldwood Bunk Bed for Kids, Metal Frame with Ladder (B...",3.3,"₹16,999",49% off
HoneyTouch Folding Bed with Firm Mattress Top 2.5ft x 6...,4.2,"₹6,498",61% off
SoftSoul Metal Queen Hydraulic Bed,Rating Not Given / Found,"₹22,799",38% off
Stylespa Engineered Wood King Hydraulic Bed,Rating Not Given / Found,"₹20,571",62% off
SoftSoul FURNITURE Metal King Hydraulic Bed,Rating Not Given / Found,"₹26,099",48% off
Sarswati Furniture Solid Wood Sheesham Wood Single Bed ...,3.8,"₹8,499",14% off
Nilkamal Arthur Engineered Wood Double Bed,4,"₹11,399",51% off
@Home by nilkamal Marbito Engineered Wood Queen Box Bed,3.9,"₹18,400",27% off
NEUDOT BEGAN QUEEN Engineered Wood Queen Bed,4,"₹10,799",46% off
Meera Handicraft bed solid sheesham wood in queen size ...,4.6,"₹42,999",56% off
@Home by nilkamal KESTER Solid Wood Bunk Bed,4.1,"₹21,900",29% off
HoneyTouch Folding with Mattress 6.25ft x 4ft Metal Dou...,4.2,"₹11,998",28% off
Stylespa Engineered Wood King Hydraulic Bed,Rating Not Given / Found,"₹44,223",54% off
SUNBEAM Metal Single Bed,3.8,"₹4,178",50% off
Southwhales Foldable Bed Portable Single Folding Bed Ni...,4,"₹2,531",35% off
The MM Furniture Store Luminous Engineered Wood Queen B...,Rating Not Given / Found,"₹12,799",50% off
WOODSTAGE Solid Wood Double Cot/Bed Without Storage For...,3.6,"₹14,519",43% off
Kendalwood Furniture Modern Home Furniture | Bed for Li...,3.8,"₹29,699",47% off
duroflex Wave Plus Metal King Bed,Rating Not Given / Found,"₹1,11,454",54% off
Douceur Furnitures Solid Wood Sheesham Wood Single Bed ...,Rating Not Given / Found,"₹10,999",44% off
Nilkamal WILLY Engineered Wood Queen Box Bed,3.9,"₹16,409",38% off
@Home by nilkamal Addison Engineered Wood Single Box Be...,3.3,"₹10,399",46% off
Nilkamal Alps Engineered Wood Queen Hydraulic Bed,Rating Not Given / Found,"₹52,110",52% off
Nilkamal SLEEP Grande Engineered Wood King Bed,3.9,"₹14,999",49% off
JayamWCQCot Solid Wood Queen Bed,Rating Not Given / Found,"₹15,400",56% off
Nilkamal SLEEP Matrix Recliner Metal Single Bed,4.2,"₹40,399",20% off
Kendalwood Furniture Modern Home Furniture | Bed for Li...,3.8,"₹28,445",16% off
@Home by nilkamal Marbito Engineered Wood King Box Bed,3.9,"₹21,999",36% off
Douceur Furnitures Solid Wood Sheesham Wood Single Bed ...,Rating Not Given / Found,"₹10,999",31% off
Delite Kom Sunshine Metal Queen Bed,Rating Not Given / Found,"₹10,999",72% off
HoneyTouch Folding Bed for Sleeping with Mattress Top M...,4.3,"₹6,498",52% off
Nilkamal Arthur Engineered Wood King Bed,4,"₹14,199",27% off
Wakeup India Arcadia Sheesham Bed With Storage (78x60 i...,4.1,"₹38,923",25% off
cauvery Metal Single Bed,3.9,"₹2,499",36% off
Nilkamal SLEEP Striker Metal Queen Bed,3.8,"₹10,494",25% off
SoftSoul Furniture Metal Single Hydraulic Bed,4.3,"₹22,769",46% off
HoneyTouch Metal Single Bed,3.9,"₹5,398",57% off
Nilkamal Arthur Engineered Wood King Box Bed,4,"₹19,299",24% off
The MM Furniture Store Melodia Engineered Wood Queen Bo...,Rating Not Given / Found,"₹13,499",34% off
The MM Furniture Store Euro Engineered Wood Queen Box B...,Rating Not Given / Found,"₹13,999",51% off
"Worldwood Bunk Bed for Kids, Metal Frame with Ladder (B...",3.3,"₹16,999",60% off
HoneyTouch Folding Bed with Firm Mattress Top 2.5ft x 6...,4.2,"₹6,498",60% off
duroflex Wave Adjustable Bed with Headboard & Livein Or...,Rating Not Given / Found,"₹83,973",51% off
Flipkart Perfect Homes Wooden Double Bed Cot Bed with B...,Rating Not Given / Found,"₹30,089",38% off
Flipkart Perfect Homes A Solid Wooden Bed Without Stora...,3.7,"₹18,359",26% off
KPR Furniture Wooden cot Double (75 X 48 inch) Bed Size...,Rating Not Given / Found,"₹19,999",46% off
@Home by nilkamal KESTER Solid Wood Bunk Bed,4.1,"₹21,900",62% off
Nilkamal Arthur Engineered Wood Double Bed,4,"₹11,399",27% off
SoftSoul FURNITURE Metal Queen Hydraulic Bed,Rating Not Given / Found,"₹23,849",44% off
Stylespa Engineered Wood King Hydraulic Bed,Rating Not Given / Found,"₹35,491",46% off
@Home by nilkamal Marbito Engineered Wood Queen Box Bed,3.9,"₹18,400",25% off
HoneyTouch Folding with Mattress 6.25ft x 4ft Metal Dou...,4.2,"₹11,998",65% off
WoodMart Sheesham Wood Armania King Size Bed with Box S...,Rating Not Given / Found,"₹29,449",54% off
Stylespa Engineered Wood King Hydraulic Bed,Rating Not Given / Found,"₹42,279",50% off
duroflex Wave Adjustable Bed with Headboard Metal Queen...,Rating Not Given / Found,"₹61,998",40% off
"Napqueen Zeta Heavy Duty New Metal Bed Frame, Easy Asse...",4.7,"₹8,960",47% off
WOODSTAGE Solid Wood Double Cot/Bed Without Storage For...,3.6,"₹14,519",43% off
Kendalwood Furniture Modern Home Furniture | Bed for Li...,3.8,"₹29,699",47% off
Zior Jade Solid Wood Queen Bed,Rating Not Given / Found,"₹17,246",37% off
estre Dhalia Engineered Wood Queen Box Bed,Rating Not Given / Found,"₹21,490",63% off
Nilkamal WILLY Engineered Wood Queen Box Bed,3.9,"₹16,409",28% off
@Home by nilkamal Addison Engineered Wood Single Box Be...,3.3,"₹10,399",50% off
duroflex Wave Adjustable Bed with Quboid Qube Cell Tech...,Rating Not Given / Found,"₹88,479",52% off
Vinod Furniture Solid Sheesham Wood Queen Size Bed With...,2,"₹14,249",49% off
The MM Furniture Store Midnight Engineered Wood Queen B...,Rating Not Given / Found,"₹12,799",19% off
Ziaula ZIAULA 6X3 Feet Iron Metal Bed With Attached MDF...,Rating Not Given / Found,"₹4,930",41% off
Kendalwood Furniture Modern Home Furniture | Bed for Li...,3.8,"₹28,445",36% off
@Home by nilkamal Marbito Engineered Wood King Box Bed,3.9,"₹21,999",16% off
JayamScot Metal Double Bed,Rating Not Given / Found,"₹15,990",11% off
Zior Soho Solid Wood Queen Bed,Rating Not Given / Found,"₹22,832",61% off
Nilkamal Arthur Engineered Wood King Bed,4,"₹14,199",46% off
HoneyTouch Folding Bed for Sleeping with Mattress Top M...,4.3,"₹6,498",6% off
Usfpc Solid Wood King Box Bed,Rating Not Given / Found,"₹40,000",60% off
ROOFWOOD A beautiful bed For Bed Room /Guest Room /Hote...,Rating Not Given / Found,"₹9,999",25% off
Stylespa Engineered Wood King Hydraulic Bed,Rating Not Given / Found,"₹39,093",47% off
Nilkamal SLEEP Striker Metal Single Bed,3.8,"₹14,890",47% off
@Home by nilkamal Cyril Engineered Wood King Bed,3.8,"₹15,900",57% off
HoneyTouch Metal Single Bed,3.9,"₹5,398",24% off
Anishwar Nimbo Wrought Iron Metal King Bed,3.7,"₹16,319",40% off
Satkar Wood Furniture Solid Wood Single Bed,Rating Not Given / Found,"₹17,999",50% off
"Worldwood Bunk Bed for Kids, Metal Frame with Ladder (B...",3.3,"₹16,999",45% off
HoneyTouch Folding Bed with Firm Mattress Top 2.5ft x 6...,4.2,"₹6,498",19% off
"WoodMart Wooden King Size Bed for Bedroom, Solid Wood D...",Rating Not Given / Found,"₹28,839",38% off
MoonWooden Bed Without Storage Wooden Double Bed Solid ...,3.7,"₹18,888",62% off
WoodMart Solid Wood Single Bed,Rating Not Given / Found,"₹11,399",43% off
Sleepyhead Solid Wood Queen Bed,4.2,"₹13,499",50% off
Nilkamal Arthur Engineered Wood Double Bed,4,"₹11,399",51% off
@Home by nilkamal Marbito Engineered Wood Queen Box Bed,3.9,"₹18,400",27% off
Flipkart Perfect Homes Studio Durable 6x3 Feet Metal Be...,Rating Not Given / Found,"₹5,600",45% off
keon Solid Sheesham Wood Single Bed For Bed Room/ Kids ...,Rating Not Given / Found,"₹16,999",64% off
@Home by nilkamal KESTER Solid Wood Bunk Bed,4.1,"₹21,900",11% off
HoneyTouch Folding with Mattress 6.25ft x 4ft Metal Dou...,4.2,"₹11,998",26% off
FAMOUS MART FURNITURE Metal Single Hydraulic Bed,4.7,"₹21,689",54% off
THE PORTO COMFY Fabric Queen Size Bed With Fabric Headb...,Rating Not Given / Found,"₹16,329",50% off
Usfpc Solid Wood King Box Bed,Rating Not Given / Found,"₹40,000",49% off
A GLOBIA CREATIONS Shine Engineered Wood Queen Box Bed,Rating Not Given / Found,"₹32,999",55% off
WOODSTAGE Solid Wood Double Cot/Bed Without Storage For...,3.6,"₹14,519",43% off
Kendalwood Furniture Modern Home Furniture | Bed for Li...,3.8,"₹29,699",47% off
Trivedi FURNITURE Metal Queen Hydraulic Bed,Rating Not Given / Found,"₹25,199",69% off
@Home by nilkamal Solid Wood King Bed,Rating Not Given / Found,"₹35,900",50% off
Nilkamal WILLY Engineered Wood Queen Box Bed,3.9,"₹16,409",31% off
@Home by nilkamal Addison Engineered Wood Single Box Be...,3.3,"₹10,399",41% off
Wopno Furniture Pure Sheesham Wooden Bed Queen Size Sol...,Rating Not Given / Found,"₹15,399",52% off
Bhagwati Arts Sheesham Wood King Size Bed/Cot For BedRo...,Rating Not Given / Found,"₹27,999",49% off
SoftSoul Furniture Metal Single Hydraulic Bed,Rating Not Given / Found,"₹22,949",34% off
SoftSoul Furniture Metal Single Hydraulic Bed,Rating Not Given / Found,"₹24,119",30% off
Kendalwood Furniture Modern Home Furniture | Bed for Li...,3.8,"₹28,445",16% off
@Home by nilkamal Marbito Engineered Wood King Box Bed,3.9,"₹21,999",36% off
BEDOKI Engineered Wood Double Box Bed,Rating Not Given / Found,"₹19,999",46% off
Furniyam Folding Bed Single 3 x 6 ft Metal Single Bed,Rating Not Given / Found,"₹6,289",26% off
HoneyTouch Folding Bed for Sleeping with Mattress Top M...,4.3,"₹6,498",12% off
Nilkamal Arthur Engineered Wood King Bed,4,"₹14,199",24% off
SoftSoul Furniture Metal Single Hydraulic Bed,Rating Not Given / Found,"₹23,399",25% off
The MM Furniture Store Ranger Engineered Wood Queen Bed,Rating Not Given / Found,"₹10,999",36% off
Jayam Solid Wood Queen Box Bed,Rating Not Given / Found,"₹34,999",68% off
DG DEXAGLOBAL Metal Double Bed,Rating Not Given / Found,"₹27,899",4% off
HoneyTouch Metal Single Bed,3.9,"₹5,398",57% off
Nilkamal Arthur Engineered Wood King Box Bed,4,"₹19,299",24% off
THE PORTO Fabric Queen Size Bed With Button Tufted & Di...,3.4,"₹16,379",26% off
Om art and handicraft Solid Wood Queen Bed,Rating Not Given / Found,"₹38,100",12% off
"Worldwood Bunk Bed for Kids, Metal Frame with Ladder (B...",3.3,"₹16,999",63% off
HoneyTouch Folding Bed with Firm Mattress Top 2.5ft x 6...,4.2,"₹6,498",9% off
Delite Kom Hulk Metal Queen Bed,Rating Not Given / Found,"₹11,499",38% off
Upsfc Solid Wood King Drawer Bed,Rating Not Given / Found,"₹35,000",62% off
Taskwood Furniture Fabric King Size Bed Without Storage...,Rating Not Given / Found,"₹16,999",29% off
Induscraft Sheesham Wood Solid Wood King Bed,3.7,"₹23,999",44% off
Nilkamal Arthur Engineered Wood Double Bed,4,"₹11,399",51% off
@Home by nilkamal Marbito Engineered Wood Queen Box Bed,3.9,"₹18,400",27% off
A-1 Star Furniture SB01 Metal Single Hydraulic Bed,Rating Not Given / Found,"₹27,499",27% off
Nilkamal SLEEP Grande Engineered Wood King Bed,3.9,"₹14,899",58% off
@Home by nilkamal KESTER Solid Wood Bunk Bed,4.1,"₹21,900",59% off
HoneyTouch Folding with Mattress 6.25ft x 4ft Metal Dou...,4.2,"₹11,998",54% off
bessguh Bamboo King Bed,Rating Not Given / Found,"₹48,000",50% off
A-1 Star Furniture SB12 Metal Single Hydraulic Bed,Rating Not Given / Found,"₹29,199",11% off
ROYAL FINISH Upexico King Solid Wood Queen NA Bed,Rating Not Given / Found,"₹37,399",43% off
DF2H Aegiale Queen Bed Solid Wood Queen Box Bed,Rating Not Given / Found,"₹20,199",43% off
WOODSTAGE Solid Wood Double Cot/Bed Without Storage For...,3.6,"₹14,519",47% off
Kendalwood Furniture Modern Home Furniture | Bed for Li...,3.8,"₹29,699",65% off
Usfpc Solid Wood King Box Bed,Rating Not Given / Found,"₹40,000",5% off
Induscraft Easter Solid Wood Queen Bed,Rating Not Given / Found,"₹24,999",15% off
Nilkamal WILLY Engineered Wood Queen Box Bed,3.9,"₹16,409",44% off
@Home by nilkamal Addison Engineered Wood Single Box Be...,3.3,"₹10,399",52% off
letap Single folding bed Metal Queen Bed,4.3,"₹5,141",49% off
Jayam Solid Wood Queen Bed,Rating Not Given / Found,"₹37,899",42% off
ABC Engineered Wood Queen Hydraulic Bed,Rating Not Given / Found,"₹32,999",31% off
Vibrant Interior AJIRA ORANGE (6x3) Metal Bunk Bed,Rating Not Given / Found,"₹13,990",16% off
Kendalwood Furniture Modern Home Furniture | Bed for Li...,3.8,"₹28,445",36% off
@Home by nilkamal Marbito Engineered Wood King Box Bed,3.9,"₹21,999",38% off
SoftSoul FURNITURE Metal Single Hydraulic Bed,Rating Not Given / Found,"₹22,499",40% off
The MM Furniture Store Hunter Engineered Wood Queen Bed,Rating Not Given / Found,"₹10,999",35% off
HoneyTouch Folding Bed for Sleeping with Mattress Top M...,4.3,"₹6,498",42% off
Nilkamal Arthur Engineered Wood King Bed,4,"₹14,199",25% off
Decnity Solid Wood King Bed,Rating Not Given / Found,"₹21,690",60% off
Smartsters Secret Den Single Bed with Storage for Kids ...,Rating Not Given / Found,"₹29,999",33% off
MAHIMART AND HANDICRAFTS Premium Quality Sheesham Wood ...,Rating Not Given / Found,"₹35,999",46% off
SoftSoul FURNITURE Metal Single Hydraulic Bed,Rating Not Given / Found,"₹22,499",
HoneyTouch Metal Single Bed,3.9,"₹5,398",
@Home by nilkamal Cyril Engineered Wood King Bed,3.8,"₹15,900",
SAVITRIDECOR Solid Wood Queen Hydraulic Bed,Rating Not Given / Found,"₹39,999",
Stylespa Engineered Wood King Hydraulic Bed,Rating Not Given / Found,"₹11,920",
